[{"DocumentKeywordVectors":[{"TotalDocumentLength":274,"PageCount":1,"FirstPageVector":{"VectorId":"invoice.generalinvoice.invoice1_1.FirstPage","DocumentCount":1,"TermsWithScores":[{"Score":0.8,"Term":"paris","LastUpdated":"2021-07-23T17:06:22.9724024+09:00"},{"Score":0.72,"Term":"송장","LastUpdated":"2021-07-23T17:06:22.9724024+09:00"},{"Score":0.72,"Term":"ks","LastUpdated":"2021-07-23T17:06:22.9724024+09:00"},{"Score":0.72,"Term":"spring","LastUpdated":"2021-07-23T17:06:22.9724024+09:00"},{"Score":0.7,"Term":"눈누난나","LastUpdated":"2021-07-23T17:06:22.9724024+09:00"},{"Score":0.7,"Term":"seoul","LastUpdated":"2021-07-23T17:06:22.9724024+09:00"},{"Score":0.68,"Term":"france","LastUpdated":"2021-07-23T17:06:22.9724024+09:00"},{"Score":0.63,"Term":"프랑스","LastUpdated":"2021-07-23T17:06:22.9724024+09:00"},{"Score":0.62,"Term":"청구","LastUpdated":"2021-07-23T17:06:22.9724024+09:00"},{"Score":0.61,"Term":"처","LastUpdated":"2021-07-23T17:06:22.9724024+09:00"},{"Score":0.6,"Term":"정승네트워크","LastUpdated":"2021-07-23T17:06:22.9724024+09:00"},{"Score":0.58,"Term":"korea","LastUpdated":"2021-07-23T17:06:22.9724024+09:00"},{"Score":0.53,"Term":"대한민국","LastUpdated":"2021-07-23T17:06:22.9724024+09:00"},{"Score":0.52,"Term":"항목","LastUpdated":"2021-07-23T17:06:22.9724024+09:00"},{"Score":0.51,"Term":"설명","LastUpdated":"2021-07-23T17:06:22.9724024+09:00"},{"Score":0.48,"Term":"노트","LastUpdated":"2021-07-23T17:06:22.9724024+09:00"},{"Score":0.47,"Term":"번호","LastUpdated":"2021-07-23T17:06:22.9724024+09:00"},{"Score":0.45,"Term":"날짜","LastUpdated":"2021-07-23T17:06:22.9724024+09:00"},{"Score":0.45,"Term":"마감일","LastUpdated":"2021-07-23T17:06:22.9724024+09:00"},{"Score":0.43,"Term":"율","LastUpdated":"2021-07-23T17:06:22.9724024+09:00"},{"Score":0.43,"Term":"수량","LastUpdated":"2021-07-23T17:06:22.9724024+09:00"},{"Score":0.41,"Term":"소계","LastUpdated":"2021-07-23T17:06:22.9724024+09:00"},{"Score":0.4,"Term":"세","LastUpdated":"2021-07-23T17:06:22.9724024+09:00"},{"Score":0.4,"Term":"판매","LastUpdated":"2021-07-23T17:06:22.9724024+09:00"},{"Score":0.37,"Term":"합계","LastUpdated":"2021-07-23T17:06:22.9724024+09:00"},{"Score":0.35,"Term":"당신과","LastUpdated":"2021-07-23T17:06:22.9724024+09:00"},{"Score":0.34,"Term":"사업을하게되어","LastUpdated":"2021-07-23T17:06:22.9724024+09:00"},{"Score":0.32,"Term":"정말","LastUpdated":"2021-07-23T17:06:22.9724024+09:00"},{"Score":0.31,"Term":"좋았습니다","LastUpdated":"2021-07-23T17:06:22.9724024+09:00"},{"Score":0.3,"Term":"이용","LastUpdated":"2021-07-23T17:06:22.9724024+09:00"},{"Score":0.29,"Term":"약관","LastUpdated":"2021-07-23T17:06:22.9724024+09:00"},{"Score":0.28,"Term":"기한까지","LastUpdated":"2021-07-23T17:06:22.9724024+09:00"},{"Score":0.27,"Term":"결제","LastUpdated":"2021-07-23T17:06:22.9724024+09:00"},{"Score":0.26,"Term":"해주시기","LastUpdated":"2021-07-23T17:06:22.9724024+09:00"},{"Score":0.25,"Term":"바랍니다","LastUpdated":"2021-07-23T17:06:22.9724024+09:00"},{"Score":0.15,"Term":"양","LastUpdated":"2021-07-23T17:06:22.9724024+09:00"}]},"ParentVectorId":"invoice.generalinvoice.invoice1","VectorId":"invoice.generalinvoice.invoice1_1","DocumentCount":1,"TermsWithScores":[{"Score":0.8,"Term":"paris","LastUpdated":"2021-07-23T17:06:22.9724024+09:00"},{"Score":0.72,"Term":"송장","LastUpdated":"2021-07-23T17:06:22.9724024+09:00"},{"Score":0.72,"Term":"ks","LastUpdated":"2021-07-23T17:06:22.9724024+09:00"},{"Score":0.72,"Term":"spring","LastUpdated":"2021-07-23T17:06:22.9724024+09:00"},{"Score":0.7,"Term":"눈누난나","LastUpdated":"2021-07-23T17:06:22.9724024+09:00"},{"Score":0.7,"Term":"seoul","LastUpdated":"2021-07-23T17:06:22.9724024+09:00"},{"Score":0.68,"Term":"france","LastUpdated":"2021-07-23T17:06:22.9724024+09:00"},{"Score":0.63,"Term":"프랑스","LastUpdated":"2021-07-23T17:06:22.9724024+09:00"},{"Score":0.62,"Term":"청구","LastUpdated":"2021-07-23T17:06:22.9724024+09:00"},{"Score":0.61,"Term":"처","LastUpdated":"2021-07-23T17:06:22.9724024+09:00"},{"Score":0.6,"Term":"정승네트워크","LastUpdated":"2021-07-23T17:06:22.9724024+09:00"},{"Score":0.58,"Term":"korea","LastUpdated":"2021-07-23T17:06:22.9724024+09:00"},{"Score":0.53,"Term":"대한민국","LastUpdated":"2021-07-23T17:06:22.9724024+09:00"},{"Score":0.52,"Term":"항목","LastUpdated":"2021-07-23T17:06:22.9724024+09:00"},{"Score":0.51,"Term":"설명","LastUpdated":"2021-07-23T17:06:22.9724024+09:00"},{"Score":0.48,"Term":"노트","LastUpdated":"2021-07-23T17:06:22.9724024+09:00"},{"Score":0.47,"Term":"번호","LastUpdated":"2021-07-23T17:06:22.9724024+09:00"},{"Score":0.45,"Term":"날짜","LastUpdated":"2021-07-23T17:06:22.9724024+09:00"},{"Score":0.45,"Term":"마감일","LastUpdated":"2021-07-23T17:06:22.9724024+09:00"},{"Score":0.43,"Term":"율","LastUpdated":"2021-07-23T17:06:22.9724024+09:00"},{"Score":0.43,"Term":"수량","LastUpdated":"2021-07-23T17:06:22.9724024+09:00"},{"Score":0.41,"Term":"소계","LastUpdated":"2021-07-23T17:06:22.9724024+09:00"},{"Score":0.4,"Term":"세","LastUpdated":"2021-07-23T17:06:22.9724024+09:00"},{"Score":0.4,"Term":"판매","LastUpdated":"2021-07-23T17:06:22.9724024+09:00"},{"Score":0.37,"Term":"합계","LastUpdated":"2021-07-23T17:06:22.9724024+09:00"},{"Score":0.35,"Term":"당신과","LastUpdated":"2021-07-23T17:06:22.9724024+09:00"},{"Score":0.34,"Term":"사업을하게되어","LastUpdated":"2021-07-23T17:06:22.9724024+09:00"},{"Score":0.32,"Term":"정말","LastUpdated":"2021-07-23T17:06:22.9724024+09:00"},{"Score":0.31,"Term":"좋았습니다","LastUpdated":"2021-07-23T17:06:22.9724024+09:00"},{"Score":0.3,"Term":"이용","LastUpdated":"2021-07-23T17:06:22.9724024+09:00"},{"Score":0.29,"Term":"약관","LastUpdated":"2021-07-23T17:06:22.9724024+09:00"},{"Score":0.28,"Term":"기한까지","LastUpdated":"2021-07-23T17:06:22.9724024+09:00"},{"Score":0.27,"Term":"결제","LastUpdated":"2021-07-23T17:06:22.9724024+09:00"},{"Score":0.26,"Term":"해주시기","LastUpdated":"2021-07-23T17:06:22.9724024+09:00"},{"Score":0.25,"Term":"바랍니다","LastUpdated":"2021-07-23T17:06:22.9724024+09:00"},{"Score":0.15,"Term":"양","LastUpdated":"2021-07-23T17:06:22.9724024+09:00"}]}],"TotalDocumentLength":274,"PageCount":1,"FirstPageVector":{"VectorId":"invoice.generalinvoice.invoice1.FirstPage","DocumentCount":1,"TermsWithScores":[{"Score":0.8,"Term":"paris","LastUpdated":"2021-07-23T17:06:22.9724024+09:00"},{"Score":0.72,"Term":"송장","LastUpdated":"2021-07-23T17:06:22.9724024+09:00"},{"Score":0.72,"Term":"ks","LastUpdated":"2021-07-23T17:06:22.9724024+09:00"},{"Score":0.72,"Term":"spring","LastUpdated":"2021-07-23T17:06:22.9724024+09:00"},{"Score":0.7,"Term":"눈누난나","LastUpdated":"2021-07-23T17:06:22.9724024+09:00"},{"Score":0.7,"Term":"seoul","LastUpdated":"2021-07-23T17:06:22.9724024+09:00"},{"Score":0.68,"Term":"france","LastUpdated":"2021-07-23T17:06:22.9724024+09:00"},{"Score":0.63,"Term":"프랑스","LastUpdated":"2021-07-23T17:06:22.9724024+09:00"},{"Score":0.62,"Term":"청구","LastUpdated":"2021-07-23T17:06:22.9724024+09:00"},{"Score":0.61,"Term":"처","LastUpdated":"2021-07-23T17:06:22.9724024+09:00"},{"Score":0.6,"Term":"정승네트워크","LastUpdated":"2021-07-23T17:06:22.9724024+09:00"},{"Score":0.58,"Term":"korea","LastUpdated":"2021-07-23T17:06:22.9724024+09:00"},{"Score":0.53,"Term":"대한민국","LastUpdated":"2021-07-23T17:06:22.9724024+09:00"},{"Score":0.52,"Term":"항목","LastUpdated":"2021-07-23T17:06:22.9724024+09:00"},{"Score":0.51,"Term":"설명","LastUpdated":"2021-07-23T17:06:22.9724024+09:00"},{"Score":0.48,"Term":"노트","LastUpdated":"2021-07-23T17:06:22.9724024+09:00"},{"Score":0.47,"Term":"번호","LastUpdated":"2021-07-23T17:06:22.9724024+09:00"},{"Score":0.45,"Term":"날짜","LastUpdated":"2021-07-23T17:06:22.9724024+09:00"},{"Score":0.45,"Term":"마감일","LastUpdated":"2021-07-23T17:06:22.9724024+09:00"},{"Score":0.43,"Term":"율","LastUpdated":"2021-07-23T17:06:22.9724024+09:00"},{"Score":0.43,"Term":"수량","LastUpdated":"2021-07-23T17:06:22.9724024+09:00"},{"Score":0.41,"Term":"소계","LastUpdated":"2021-07-23T17:06:22.9724024+09:00"},{"Score":0.4,"Term":"세","LastUpdated":"2021-07-23T17:06:22.9724024+09:00"},{"Score":0.4,"Term":"판매","LastUpdated":"2021-07-23T17:06:22.9724024+09:00"},{"Score":0.37,"Term":"합계","LastUpdated":"2021-07-23T17:06:22.9724024+09:00"},{"Score":0.35,"Term":"당신과","LastUpdated":"2021-07-23T17:06:22.9724024+09:00"},{"Score":0.34,"Term":"사업을하게되어","LastUpdated":"2021-07-23T17:06:22.9724024+09:00"},{"Score":0.32,"Term":"정말","LastUpdated":"2021-07-23T17:06:22.9724024+09:00"},{"Score":0.31,"Term":"좋았습니다","LastUpdated":"2021-07-23T17:06:22.9724024+09:00"},{"Score":0.3,"Term":"이용","LastUpdated":"2021-07-23T17:06:22.9724024+09:00"},{"Score":0.29,"Term":"약관","LastUpdated":"2021-07-23T17:06:22.9724024+09:00"},{"Score":0.28,"Term":"기한까지","LastUpdated":"2021-07-23T17:06:22.9724024+09:00"},{"Score":0.27,"Term":"결제","LastUpdated":"2021-07-23T17:06:22.9724024+09:00"},{"Score":0.26,"Term":"해주시기","LastUpdated":"2021-07-23T17:06:22.9724024+09:00"},{"Score":0.25,"Term":"바랍니다","LastUpdated":"2021-07-23T17:06:22.9724024+09:00"},{"Score":0.15,"Term":"양","LastUpdated":"2021-07-23T17:06:22.9724024+09:00"}]},"ParentVectorId":null,"VectorId":"invoice.generalinvoice.invoice1","DocumentCount":1,"TermsWithScores":[{"Score":0.8,"Term":"paris","LastUpdated":"2021-07-23T17:06:22.9724024+09:00"},{"Score":0.72,"Term":"송장","LastUpdated":"2021-07-23T17:06:22.9724024+09:00"},{"Score":0.72,"Term":"ks","LastUpdated":"2021-07-23T17:06:22.9724024+09:00"},{"Score":0.72,"Term":"spring","LastUpdated":"2021-07-23T17:06:22.9724024+09:00"},{"Score":0.7,"Term":"눈누난나","LastUpdated":"2021-07-23T17:06:22.9724024+09:00"},{"Score":0.7,"Term":"seoul","LastUpdated":"2021-07-23T17:06:22.9724024+09:00"},{"Score":0.68,"Term":"france","LastUpdated":"2021-07-23T17:06:22.9724024+09:00"},{"Score":0.63,"Term":"프랑스","LastUpdated":"2021-07-23T17:06:22.9724024+09:00"},{"Score":0.62,"Term":"청구","LastUpdated":"2021-07-23T17:06:22.9724024+09:00"},{"Score":0.61,"Term":"처","LastUpdated":"2021-07-23T17:06:22.9724024+09:00"},{"Score":0.6,"Term":"정승네트워크","LastUpdated":"2021-07-23T17:06:22.9724024+09:00"},{"Score":0.58,"Term":"korea","LastUpdated":"2021-07-23T17:06:22.9724024+09:00"},{"Score":0.53,"Term":"대한민국","LastUpdated":"2021-07-23T17:06:22.9724024+09:00"},{"Score":0.52,"Term":"항목","LastUpdated":"2021-07-23T17:06:22.9724024+09:00"},{"Score":0.51,"Term":"설명","LastUpdated":"2021-07-23T17:06:22.9724024+09:00"},{"Score":0.48,"Term":"노트","LastUpdated":"2021-07-23T17:06:22.9724024+09:00"},{"Score":0.47,"Term":"번호","LastUpdated":"2021-07-23T17:06:22.9724024+09:00"},{"Score":0.45,"Term":"날짜","LastUpdated":"2021-07-23T17:06:22.9724024+09:00"},{"Score":0.45,"Term":"마감일","LastUpdated":"2021-07-23T17:06:22.9724024+09:00"},{"Score":0.43,"Term":"율","LastUpdated":"2021-07-23T17:06:22.9724024+09:00"},{"Score":0.43,"Term":"수량","LastUpdated":"2021-07-23T17:06:22.9724024+09:00"},{"Score":0.41,"Term":"소계","LastUpdated":"2021-07-23T17:06:22.9724024+09:00"},{"Score":0.4,"Term":"세","LastUpdated":"2021-07-23T17:06:22.9724024+09:00"},{"Score":0.4,"Term":"판매","LastUpdated":"2021-07-23T17:06:22.9724024+09:00"},{"Score":0.37,"Term":"합계","LastUpdated":"2021-07-23T17:06:22.9724024+09:00"},{"Score":0.35,"Term":"당신과","LastUpdated":"2021-07-23T17:06:22.9724024+09:00"},{"Score":0.34,"Term":"사업을하게되어","LastUpdated":"2021-07-23T17:06:22.9724024+09:00"},{"Score":0.32,"Term":"정말","LastUpdated":"2021-07-23T17:06:22.9724024+09:00"},{"Score":0.31,"Term":"좋았습니다","LastUpdated":"2021-07-23T17:06:22.9724024+09:00"},{"Score":0.3,"Term":"이용","LastUpdated":"2021-07-23T17:06:22.9724024+09:00"},{"Score":0.29,"Term":"약관","LastUpdated":"2021-07-23T17:06:22.9724024+09:00"},{"Score":0.28,"Term":"기한까지","LastUpdated":"2021-07-23T17:06:22.9724024+09:00"},{"Score":0.27,"Term":"결제","LastUpdated":"2021-07-23T17:06:22.9724024+09:00"},{"Score":0.26,"Term":"해주시기","LastUpdated":"2021-07-23T17:06:22.9724024+09:00"},{"Score":0.25,"Term":"바랍니다","LastUpdated":"2021-07-23T17:06:22.9724024+09:00"},{"Score":0.15,"Term":"양","LastUpdated":"2021-07-23T17:06:22.9724024+09:00"}]},{"DocumentKeywordVectors":[{"TotalDocumentLength":1170,"PageCount":1,"FirstPageVector":{"VectorId":"receipt.genralreceipt.receipt1_1.FirstPage","DocumentCount":3,"TermsWithScores":[{"Score":2.66,"Term":"ks","LastUpdated":"2021-07-23T17:05:53.5893261+09:00"},{"Score":1.94,"Term":"ratings","LastUpdated":"2021-07-23T17:05:52.3148634+09:00"},{"Score":1.68,"Term":"alabama","LastUpdated":"2021-07-23T17:05:52.3148634+09:00"},{"Score":1.42,"Term":"usa","LastUpdated":"2021-07-23T17:05:52.3148634+09:00"},{"Score":1.38,"Term":"sale","LastUpdated":"2021-07-23T17:05:52.3148634+09:00"},{"Score":1.16,"Term":"visa","LastUpdated":"2021-07-23T17:05:52.3148634+09:00"},{"Score":1.06,"Term":"subtotal","LastUpdated":"2021-07-23T17:05:52.3148634+09:00"},{"Score":0.98,"Term":"tax","LastUpdated":"2021-07-23T17:05:52.3148634+09:00"},{"Score":0.88,"Term":"total","LastUpdated":"2021-07-23T17:05:52.3148634+09:00"},{"Score":0.86,"Term":"payment","LastUpdated":"2021-07-23T17:05:52.3148634+09:00"},{"Score":0.8,"Term":"paris","LastUpdated":"2021-07-23T17:05:53.5893261+09:00"},{"Score":0.78,"Term":"transaction","LastUpdated":"2021-07-23T17:05:52.3148634+09:00"},{"Score":0.74,"Term":"type","LastUpdated":"2021-07-23T17:05:52.3148634+09:00"},{"Score":0.72,"Term":"송장","LastUpdated":"2021-07-23T17:05:53.5893261+09:00"},{"Score":0.72,"Term":"spring","LastUpdated":"2021-07-23T17:05:53.5893261+09:00"},{"Score":0.7,"Term":"눈누난나","LastUpdated":"2021-07-23T17:05:53.5893261+09:00"},{"Score":0.7,"Term":"seoul","LastUpdated":"2021-07-23T17:05:53.5893261+09:00"},{"Score":0.68,"Term":"france","LastUpdated":"2021-07-23T17:05:53.5893261+09:00"},{"Score":0.68,"Term":"authorization","LastUpdated":"2021-07-23T17:05:52.3148634+09:00"},{"Score":0.63,"Term":"프랑스","LastUpdated":"2021-07-23T17:05:53.5893261+09:00"},{"Score":0.62,"Term":"청구","LastUpdated":"2021-07-23T17:05:53.5893261+09:00"},{"Score":0.62,"Term":"approved","LastUpdated":"2021-07-23T17:05:52.3148634+09:00"},{"Score":0.61,"Term":"처","LastUpdated":"2021-07-23T17:05:53.5893261+09:00"},{"Score":0.6,"Term":"정승네트워크","LastUpdated":"2021-07-23T17:05:53.5893261+09:00"},{"Score":0.58,"Term":"korea","LastUpdated":"2021-07-23T17:05:53.5893261+09:00"},{"Score":0.56,"Term":"code","LastUpdated":"2021-07-23T17:05:52.3148634+09:00"},{"Score":0.53,"Term":"대한민국","LastUpdated":"2021-07-23T17:05:53.5893261+09:00"},{"Score":0.52,"Term":"항목","LastUpdated":"2021-07-23T17:05:53.5893261+09:00"},{"Score":0.51,"Term":"설명","LastUpdated":"2021-07-23T17:05:53.5893261+09:00"},{"Score":0.48,"Term":"노트","LastUpdated":"2021-07-23T17:05:53.5893261+09:00"},{"Score":0.47,"Term":"번호","LastUpdated":"2021-07-23T17:05:53.5893261+09:00"},{"Score":0.45,"Term":"날짜","LastUpdated":"2021-07-23T17:05:53.5893261+09:00"},{"Score":0.45,"Term":"마감일","LastUpdated":"2021-07-23T17:05:53.5893261+09:00"},{"Score":0.43,"Term":"율","LastUpdated":"2021-07-23T17:05:53.5893261+09:00"},{"Score":0.43,"Term":"수량","LastUpdated":"2021-07-23T17:05:53.5893261+09:00"},{"Score":0.41,"Term":"소계","LastUpdated":"2021-07-23T17:05:53.5893261+09:00"},{"Score":0.4,"Term":"세","LastUpdated":"2021-07-23T17:05:53.5893261+09:00"},{"Score":0.4,"Term":"판매","LastUpdated":"2021-07-23T17:05:53.5893261+09:00"},{"Score":0.4,"Term":"card","LastUpdated":"2021-07-23T17:05:52.3148634+09:00"},{"Score":0.38,"Term":"reader","LastUpdated":"2021-07-23T17:05:52.3148634+09:00"},{"Score":0.37,"Term":"합계","LastUpdated":"2021-07-23T17:05:53.5893261+09:00"},{"Score":0.35,"Term":"당신과","LastUpdated":"2021-07-23T17:05:53.5893261+09:00"},{"Score":0.34,"Term":"사업을하게되어","LastUpdated":"2021-07-23T17:05:53.5893261+09:00"},{"Score":0.32,"Term":"정말","LastUpdated":"2021-07-23T17:05:53.5893261+09:00"},{"Score":0.31,"Term":"좋았습니다","LastUpdated":"2021-07-23T17:05:53.5893261+09:00"},{"Score":0.3,"Term":"이용","LastUpdated":"2021-07-23T17:05:53.5893261+09:00"},{"Score":0.29,"Term":"약관","LastUpdated":"2021-07-23T17:05:53.5893261+09:00"},{"Score":0.28,"Term":"기한까지","LastUpdated":"2021-07-23T17:05:53.5893261+09:00"},{"Score":0.27,"Term":"결제","LastUpdated":"2021-07-23T17:05:53.5893261+09:00"},{"Score":0.26,"Term":"해주시기","LastUpdated":"2021-07-23T17:05:53.5893261+09:00"},{"Score":0.25,"Term":"바랍니다","LastUpdated":"2021-07-23T17:05:53.5893261+09:00"},{"Score":0.24,"Term":"customer","LastUpdated":"2021-07-23T17:05:52.3148634+09:00"},{"Score":0.16,"Term":"visiting","LastUpdated":"2021-07-23T17:05:52.3148634+09:00"},{"Score":0.15,"Term":"양","LastUpdated":"2021-07-23T17:05:53.5893261+09:00"}]},"ParentVectorId":"receipt.genralreceipt.receipt1","VectorId":"receipt.genralreceipt.receipt1_1","DocumentCount":3,"TermsWithScores":[{"Score":2.66,"Term":"ks","LastUpdated":"2021-07-23T17:05:53.5893261+09:00"},{"Score":1.94,"Term":"ratings","LastUpdated":"2021-07-23T17:05:52.3148634+09:00"},{"Score":1.68,"Term":"alabama","LastUpdated":"2021-07-23T17:05:52.3148634+09:00"},{"Score":1.42,"Term":"usa","LastUpdated":"2021-07-23T17:05:52.3148634+09:00"},{"Score":1.38,"Term":"sale","LastUpdated":"2021-07-23T17:05:52.3148634+09:00"},{"Score":1.16,"Term":"visa","LastUpdated":"2021-07-23T17:05:52.3148634+09:00"},{"Score":1.06,"Term":"subtotal","LastUpdated":"2021-07-23T17:05:52.3148634+09:00"},{"Score":0.98,"Term":"tax","LastUpdated":"2021-07-23T17:05:52.3148634+09:00"},{"Score":0.88,"Term":"total","LastUpdated":"2021-07-23T17:05:52.3148634+09:00"},{"Score":0.86,"Term":"payment","LastUpdated":"2021-07-23T17:05:52.3148634+09:00"},{"Score":0.8,"Term":"paris","LastUpdated":"2021-07-23T17:05:53.5893261+09:00"},{"Score":0.78,"Term":"transaction","LastUpdated":"2021-07-23T17:05:52.3148634+09:00"},{"Score":0.74,"Term":"type","LastUpdated":"2021-07-23T17:05:52.3148634+09:00"},{"Score":0.72,"Term":"송장","LastUpdated":"2021-07-23T17:05:53.5893261+09:00"},{"Score":0.72,"Term":"spring","LastUpdated":"2021-07-23T17:05:53.5893261+09:00"},{"Score":0.7,"Term":"눈누난나","LastUpdated":"2021-07-23T17:05:53.5893261+09:00"},{"Score":0.7,"Term":"seoul","LastUpdated":"2021-07-23T17:05:53.5893261+09:00"},{"Score":0.68,"Term":"france","LastUpdated":"2021-07-23T17:05:53.5893261+09:00"},{"Score":0.68,"Term":"authorization","LastUpdated":"2021-07-23T17:05:52.3148634+09:00"},{"Score":0.63,"Term":"프랑스","LastUpdated":"2021-07-23T17:05:53.5893261+09:00"},{"Score":0.62,"Term":"청구","LastUpdated":"2021-07-23T17:05:53.5893261+09:00"},{"Score":0.62,"Term":"approved","LastUpdated":"2021-07-23T17:05:52.3148634+09:00"},{"Score":0.61,"Term":"처","LastUpdated":"2021-07-23T17:05:53.5893261+09:00"},{"Score":0.6,"Term":"정승네트워크","LastUpdated":"2021-07-23T17:05:53.5893261+09:00"},{"Score":0.58,"Term":"korea","LastUpdated":"2021-07-23T17:05:53.5893261+09:00"},{"Score":0.56,"Term":"code","LastUpdated":"2021-07-23T17:05:52.3148634+09:00"},{"Score":0.53,"Term":"대한민국","LastUpdated":"2021-07-23T17:05:53.5893261+09:00"},{"Score":0.52,"Term":"항목","LastUpdated":"2021-07-23T17:05:53.5893261+09:00"},{"Score":0.51,"Term":"설명","LastUpdated":"2021-07-23T17:05:53.5893261+09:00"},{"Score":0.48,"Term":"노트","LastUpdated":"2021-07-23T17:05:53.5893261+09:00"},{"Score":0.47,"Term":"번호","LastUpdated":"2021-07-23T17:05:53.5893261+09:00"},{"Score":0.45,"Term":"날짜","LastUpdated":"2021-07-23T17:05:53.5893261+09:00"},{"Score":0.45,"Term":"마감일","LastUpdated":"2021-07-23T17:05:53.5893261+09:00"},{"Score":0.43,"Term":"율","LastUpdated":"2021-07-23T17:05:53.5893261+09:00"},{"Score":0.43,"Term":"수량","LastUpdated":"2021-07-23T17:05:53.5893261+09:00"},{"Score":0.41,"Term":"소계","LastUpdated":"2021-07-23T17:05:53.5893261+09:00"},{"Score":0.4,"Term":"세","LastUpdated":"2021-07-23T17:05:53.5893261+09:00"},{"Score":0.4,"Term":"판매","LastUpdated":"2021-07-23T17:05:53.5893261+09:00"},{"Score":0.4,"Term":"card","LastUpdated":"2021-07-23T17:05:52.3148634+09:00"},{"Score":0.38,"Term":"reader","LastUpdated":"2021-07-23T17:05:52.3148634+09:00"},{"Score":0.37,"Term":"합계","LastUpdated":"2021-07-23T17:05:53.5893261+09:00"},{"Score":0.35,"Term":"당신과","LastUpdated":"2021-07-23T17:05:53.5893261+09:00"},{"Score":0.34,"Term":"사업을하게되어","LastUpdated":"2021-07-23T17:05:53.5893261+09:00"},{"Score":0.32,"Term":"정말","LastUpdated":"2021-07-23T17:05:53.5893261+09:00"},{"Score":0.31,"Term":"좋았습니다","LastUpdated":"2021-07-23T17:05:53.5893261+09:00"},{"Score":0.3,"Term":"이용","LastUpdated":"2021-07-23T17:05:53.5893261+09:00"},{"Score":0.29,"Term":"약관","LastUpdated":"2021-07-23T17:05:53.5893261+09:00"},{"Score":0.28,"Term":"기한까지","LastUpdated":"2021-07-23T17:05:53.5893261+09:00"},{"Score":0.27,"Term":"결제","LastUpdated":"2021-07-23T17:05:53.5893261+09:00"},{"Score":0.26,"Term":"해주시기","LastUpdated":"2021-07-23T17:05:53.5893261+09:00"},{"Score":0.25,"Term":"바랍니다","LastUpdated":"2021-07-23T17:05:53.5893261+09:00"},{"Score":0.24,"Term":"customer","LastUpdated":"2021-07-23T17:05:52.3148634+09:00"},{"Score":0.16,"Term":"visiting","LastUpdated":"2021-07-23T17:05:52.3148634+09:00"},{"Score":0.15,"Term":"양","LastUpdated":"2021-07-23T17:05:53.5893261+09:00"}]}],"TotalDocumentLength":1170,"PageCount":1,"FirstPageVector":{"VectorId":"receipt.genralreceipt.receipt1.FirstPage","DocumentCount":3,"TermsWithScores":[{"Score":2.66,"Term":"ks","LastUpdated":"2021-07-23T17:05:53.5893261+09:00"},{"Score":1.94,"Term":"ratings","LastUpdated":"2021-07-23T17:05:52.3128671+09:00"},{"Score":1.68,"Term":"alabama","LastUpdated":"2021-07-23T17:05:52.3128671+09:00"},{"Score":1.42,"Term":"usa","LastUpdated":"2021-07-23T17:05:52.3128671+09:00"},{"Score":1.38,"Term":"sale","LastUpdated":"2021-07-23T17:05:52.3128671+09:00"},{"Score":1.16,"Term":"visa","LastUpdated":"2021-07-23T17:05:52.3128671+09:00"},{"Score":1.06,"Term":"subtotal","LastUpdated":"2021-07-23T17:05:52.3128671+09:00"},{"Score":0.98,"Term":"tax","LastUpdated":"2021-07-23T17:05:52.3128671+09:00"},{"Score":0.88,"Term":"total","LastUpdated":"2021-07-23T17:05:52.3128671+09:00"},{"Score":0.86,"Term":"payment","LastUpdated":"2021-07-23T17:05:52.3128671+09:00"},{"Score":0.8,"Term":"paris","LastUpdated":"2021-07-23T17:05:53.5893261+09:00"},{"Score":0.78,"Term":"transaction","LastUpdated":"2021-07-23T17:05:52.3128671+09:00"},{"Score":0.74,"Term":"type","LastUpdated":"2021-07-23T17:05:52.3128671+09:00"},{"Score":0.72,"Term":"송장","LastUpdated":"2021-07-23T17:05:53.5893261+09:00"},{"Score":0.72,"Term":"spring","LastUpdated":"2021-07-23T17:05:53.5893261+09:00"},{"Score":0.7,"Term":"눈누난나","LastUpdated":"2021-07-23T17:05:53.5893261+09:00"},{"Score":0.7,"Term":"seoul","LastUpdated":"2021-07-23T17:05:53.5893261+09:00"},{"Score":0.68,"Term":"france","LastUpdated":"2021-07-23T17:05:53.5893261+09:00"},{"Score":0.68,"Term":"authorization","LastUpdated":"2021-07-23T17:05:52.3128671+09:00"},{"Score":0.63,"Term":"프랑스","LastUpdated":"2021-07-23T17:05:53.5893261+09:00"},{"Score":0.62,"Term":"청구","LastUpdated":"2021-07-23T17:05:53.5893261+09:00"},{"Score":0.62,"Term":"approved","LastUpdated":"2021-07-23T17:05:52.3128671+09:00"},{"Score":0.61,"Term":"처","LastUpdated":"2021-07-23T17:05:53.5893261+09:00"},{"Score":0.6,"Term":"정승네트워크","LastUpdated":"2021-07-23T17:05:53.5893261+09:00"},{"Score":0.58,"Term":"korea","LastUpdated":"2021-07-23T17:05:53.5893261+09:00"},{"Score":0.56,"Term":"code","LastUpdated":"2021-07-23T17:05:52.3128671+09:00"},{"Score":0.53,"Term":"대한민국","LastUpdated":"2021-07-23T17:05:53.5893261+09:00"},{"Score":0.52,"Term":"항목","LastUpdated":"2021-07-23T17:05:53.5893261+09:00"},{"Score":0.51,"Term":"설명","LastUpdated":"2021-07-23T17:05:53.5893261+09:00"},{"Score":0.48,"Term":"노트","LastUpdated":"2021-07-23T17:05:53.5893261+09:00"},{"Score":0.47,"Term":"번호","LastUpdated":"2021-07-23T17:05:53.5893261+09:00"},{"Score":0.45,"Term":"날짜","LastUpdated":"2021-07-23T17:05:53.5893261+09:00"},{"Score":0.45,"Term":"마감일","LastUpdated":"2021-07-23T17:05:53.5893261+09:00"},{"Score":0.43,"Term":"율","LastUpdated":"2021-07-23T17:05:53.5893261+09:00"},{"Score":0.43,"Term":"수량","LastUpdated":"2021-07-23T17:05:53.5893261+09:00"},{"Score":0.41,"Term":"소계","LastUpdated":"2021-07-23T17:05:53.5893261+09:00"},{"Score":0.4,"Term":"세","LastUpdated":"2021-07-23T17:05:53.5893261+09:00"},{"Score":0.4,"Term":"판매","LastUpdated":"2021-07-23T17:05:53.5893261+09:00"},{"Score":0.4,"Term":"card","LastUpdated":"2021-07-23T17:05:52.3128671+09:00"},{"Score":0.38,"Term":"reader","LastUpdated":"2021-07-23T17:05:52.3128671+09:00"},{"Score":0.37,"Term":"합계","LastUpdated":"2021-07-23T17:05:53.5893261+09:00"},{"Score":0.35,"Term":"당신과","LastUpdated":"2021-07-23T17:05:53.5893261+09:00"},{"Score":0.34,"Term":"사업을하게되어","LastUpdated":"2021-07-23T17:05:53.5893261+09:00"},{"Score":0.32,"Term":"정말","LastUpdated":"2021-07-23T17:05:53.5893261+09:00"},{"Score":0.31,"Term":"좋았습니다","LastUpdated":"2021-07-23T17:05:53.5893261+09:00"},{"Score":0.3,"Term":"이용","LastUpdated":"2021-07-23T17:05:53.5893261+09:00"},{"Score":0.29,"Term":"약관","LastUpdated":"2021-07-23T17:05:53.5893261+09:00"},{"Score":0.28,"Term":"기한까지","LastUpdated":"2021-07-23T17:05:53.5893261+09:00"},{"Score":0.27,"Term":"결제","LastUpdated":"2021-07-23T17:05:53.5893261+09:00"},{"Score":0.26,"Term":"해주시기","LastUpdated":"2021-07-23T17:05:53.5893261+09:00"},{"Score":0.25,"Term":"바랍니다","LastUpdated":"2021-07-23T17:05:53.5893261+09:00"},{"Score":0.24,"Term":"customer","LastUpdated":"2021-07-23T17:05:52.3128671+09:00"},{"Score":0.16,"Term":"visiting","LastUpdated":"2021-07-23T17:05:52.3128671+09:00"},{"Score":0.15,"Term":"양","LastUpdated":"2021-07-23T17:05:53.5893261+09:00"}]},"ParentVectorId":null,"VectorId":"receipt.genralreceipt.receipt1","DocumentCount":3,"TermsWithScores":[{"Score":2.66,"Term":"ks","LastUpdated":"2021-07-23T17:05:53.5893261+09:00"},{"Score":1.94,"Term":"ratings","LastUpdated":"2021-07-23T17:05:52.3148634+09:00"},{"Score":1.68,"Term":"alabama","LastUpdated":"2021-07-23T17:05:52.3148634+09:00"},{"Score":1.42,"Term":"usa","LastUpdated":"2021-07-23T17:05:52.3148634+09:00"},{"Score":1.38,"Term":"sale","LastUpdated":"2021-07-23T17:05:52.3148634+09:00"},{"Score":1.16,"Term":"visa","LastUpdated":"2021-07-23T17:05:52.3148634+09:00"},{"Score":1.06,"Term":"subtotal","LastUpdated":"2021-07-23T17:05:52.3148634+09:00"},{"Score":0.98,"Term":"tax","LastUpdated":"2021-07-23T17:05:52.3148634+09:00"},{"Score":0.88,"Term":"total","LastUpdated":"2021-07-23T17:05:52.3148634+09:00"},{"Score":0.86,"Term":"payment","LastUpdated":"2021-07-23T17:05:52.3148634+09:00"},{"Score":0.8,"Term":"paris","LastUpdated":"2021-07-23T17:05:53.5893261+09:00"},{"Score":0.78,"Term":"transaction","LastUpdated":"2021-07-23T17:05:52.3148634+09:00"},{"Score":0.74,"Term":"type","LastUpdated":"2021-07-23T17:05:52.3148634+09:00"},{"Score":0.72,"Term":"송장","LastUpdated":"2021-07-23T17:05:53.5893261+09:00"},{"Score":0.72,"Term":"spring","LastUpdated":"2021-07-23T17:05:53.5893261+09:00"},{"Score":0.7,"Term":"눈누난나","LastUpdated":"2021-07-23T17:05:53.5893261+09:00"},{"Score":0.7,"Term":"seoul","LastUpdated":"2021-07-23T17:05:53.5893261+09:00"},{"Score":0.68,"Term":"france","LastUpdated":"2021-07-23T17:05:53.5893261+09:00"},{"Score":0.68,"Term":"authorization","LastUpdated":"2021-07-23T17:05:52.3148634+09:00"},{"Score":0.63,"Term":"프랑스","LastUpdated":"2021-07-23T17:05:53.5893261+09:00"},{"Score":0.62,"Term":"청구","LastUpdated":"2021-07-23T17:05:53.5893261+09:00"},{"Score":0.62,"Term":"approved","LastUpdated":"2021-07-23T17:05:52.3148634+09:00"},{"Score":0.61,"Term":"처","LastUpdated":"2021-07-23T17:05:53.5893261+09:00"},{"Score":0.6,"Term":"정승네트워크","LastUpdated":"2021-07-23T17:05:53.5893261+09:00"},{"Score":0.58,"Term":"korea","LastUpdated":"2021-07-23T17:05:53.5893261+09:00"},{"Score":0.56,"Term":"code","LastUpdated":"2021-07-23T17:05:52.3148634+09:00"},{"Score":0.53,"Term":"대한민국","LastUpdated":"2021-07-23T17:05:53.5893261+09:00"},{"Score":0.52,"Term":"항목","LastUpdated":"2021-07-23T17:05:53.5893261+09:00"},{"Score":0.51,"Term":"설명","LastUpdated":"2021-07-23T17:05:53.5893261+09:00"},{"Score":0.48,"Term":"노트","LastUpdated":"2021-07-23T17:05:53.5893261+09:00"},{"Score":0.47,"Term":"번호","LastUpdated":"2021-07-23T17:05:53.5893261+09:00"},{"Score":0.45,"Term":"날짜","LastUpdated":"2021-07-23T17:05:53.5893261+09:00"},{"Score":0.45,"Term":"마감일","LastUpdated":"2021-07-23T17:05:53.5893261+09:00"},{"Score":0.43,"Term":"율","LastUpdated":"2021-07-23T17:05:53.5893261+09:00"},{"Score":0.43,"Term":"수량","LastUpdated":"2021-07-23T17:05:53.5893261+09:00"},{"Score":0.41,"Term":"소계","LastUpdated":"2021-07-23T17:05:53.5893261+09:00"},{"Score":0.4,"Term":"세","LastUpdated":"2021-07-23T17:05:53.5893261+09:00"},{"Score":0.4,"Term":"판매","LastUpdated":"2021-07-23T17:05:53.5893261+09:00"},{"Score":0.4,"Term":"card","LastUpdated":"2021-07-23T17:05:52.3148634+09:00"},{"Score":0.38,"Term":"reader","LastUpdated":"2021-07-23T17:05:52.3148634+09:00"},{"Score":0.37,"Term":"합계","LastUpdated":"2021-07-23T17:05:53.5893261+09:00"},{"Score":0.35,"Term":"당신과","LastUpdated":"2021-07-23T17:05:53.5893261+09:00"},{"Score":0.34,"Term":"사업을하게되어","LastUpdated":"2021-07-23T17:05:53.5893261+09:00"},{"Score":0.32,"Term":"정말","LastUpdated":"2021-07-23T17:05:53.5893261+09:00"},{"Score":0.31,"Term":"좋았습니다","LastUpdated":"2021-07-23T17:05:53.5893261+09:00"},{"Score":0.3,"Term":"이용","LastUpdated":"2021-07-23T17:05:53.5893261+09:00"},{"Score":0.29,"Term":"약관","LastUpdated":"2021-07-23T17:05:53.5893261+09:00"},{"Score":0.28,"Term":"기한까지","LastUpdated":"2021-07-23T17:05:53.5893261+09:00"},{"Score":0.27,"Term":"결제","LastUpdated":"2021-07-23T17:05:53.5893261+09:00"},{"Score":0.26,"Term":"해주시기","LastUpdated":"2021-07-23T17:05:53.5893261+09:00"},{"Score":0.25,"Term":"바랍니다","LastUpdated":"2021-07-23T17:05:53.5893261+09:00"},{"Score":0.24,"Term":"customer","LastUpdated":"2021-07-23T17:05:52.3148634+09:00"},{"Score":0.16,"Term":"visiting","LastUpdated":"2021-07-23T17:05:52.3148634+09:00"},{"Score":0.15,"Term":"양","LastUpdated":"2021-07-23T17:05:53.5893261+09:00"}]}]
