[{"DocumentTypeId":"20210312FistDocsUnderstands.FirstCategory.사업자등록증","Keywords":[]},{"DocumentTypeId":"invoice.generalInvoice.invoicetype1","Keywords":[{"Values":["invoice","송장"],"NumberOfTimesConfirmed":1,"LastUpdated":"2021-05-18T10:36:06.4562753+09:00"}]},{"DocumentTypeId":"Receipt.Taxi.TaxiReceipt","Keywords":[]},{"DocumentTypeId":"Receipt.Food.ReceiptFood","Keywords":[{"Values":["receipt","영수증"],"NumberOfTimesConfirmed":20,"LastUpdated":"2021-04-30T17:46:45.3055726+09:00"}]}]
