﻿{
  "DataContractVersion": "1.1",
  "DocumentTypes": [
    {
      "DocumentTypeId": "receipt.genralreceipt.receipt1",
      "Group": "receipt",
      "Category": "genralreceipt",
      "Name": "receipt1",
      "OptionalUniqueIdentifier": null,
      "TypeField": {
        "FieldId": "receipt.genralreceipt.receipt1.DocumentType",
        "FieldName": "Document Type"
      },
      "Fields": [
        {
          "FieldId": "receipt.genralreceipt.receipt1.name",
          "FieldName": "name",
          "IsMultiValue": false,
          "Type": "Text",
          "DeriveFieldsFormat": "",
          "Components": [],
          "SetValues": [],
          "Metadata": [
            {
              "Key": "RequiresReference",
              "Value": "true"
            }
          ]
        },
        {
          "FieldId": "receipt.genralreceipt.receipt1.vendor-addr",
          "FieldName": "vendor-addr",
          "IsMultiValue": false,
          "Type": "Text",
          "DeriveFieldsFormat": "",
          "Components": [],
          "SetValues": [],
          "Metadata": [
            {
              "Key": "RequiresReference",
              "Value": "true"
            }
          ]
        },
        {
          "FieldId": "receipt.genralreceipt.receipt1.phone",
          "FieldName": "phone",
          "IsMultiValue": false,
          "Type": "Text",
          "DeriveFieldsFormat": "",
          "Components": [],
          "SetValues": [],
          "Metadata": [
            {
              "Key": "RequiresReference",
              "Value": "true"
            }
          ]
        },
        {
          "FieldId": "receipt.genralreceipt.receipt1.date",
          "FieldName": "date",
          "IsMultiValue": false,
          "Type": "Text",
          "DeriveFieldsFormat": "",
          "Components": [],
          "SetValues": [],
          "Metadata": [
            {
              "Key": "RequiresReference",
              "Value": "true"
            }
          ]
        },
        {
          "FieldId": "receipt.genralreceipt.receipt1.total",
          "FieldName": "total",
          "IsMultiValue": false,
          "Type": "Text",
          "DeriveFieldsFormat": "",
          "Components": [],
          "SetValues": [],
          "Metadata": [
            {
              "Key": "RequiresReference",
              "Value": "true"
            }
          ]
        },
        {
          "FieldId": "receipt.genralreceipt.receipt1.tax",
          "FieldName": "tax",
          "IsMultiValue": false,
          "Type": "Text",
          "DeriveFieldsFormat": "",
          "Components": [],
          "SetValues": [],
          "Metadata": [
            {
              "Key": "RequiresReference",
              "Value": "true"
            }
          ]
        },
        {
          "FieldId": "receipt.genralreceipt.receipt1.receipt-number",
          "FieldName": "receipt-number",
          "IsMultiValue": false,
          "Type": "Text",
          "DeriveFieldsFormat": "",
          "Components": [],
          "SetValues": [],
          "Metadata": [
            {
              "Key": "RequiresReference",
              "Value": "true"
            }
          ]
        },
        {
          "FieldId": "receipt.genralreceipt.receipt1.item",
          "FieldName": "item",
          "IsMultiValue": false,
          "Type": "Table",
          "DeriveFieldsFormat": "",
          "Components": [
            {
              "FieldId": "receipt.genralreceipt.receipt1.item.description",
              "FieldName": "description",
              "IsMultiValue": false,
              "Type": "Text",
              "DeriveFieldsFormat": "",
              "Components": [],
              "SetValues": [],
              "Metadata": [
                {
                  "Key": "RequiresReference",
                  "Value": "true"
                }
              ]
            },
            {
              "FieldId": "receipt.genralreceipt.receipt1.item.quantity",
              "FieldName": "quantity",
              "IsMultiValue": false,
              "Type": "Text",
              "DeriveFieldsFormat": "",
              "Components": [],
              "SetValues": [],
              "Metadata": [
                {
                  "Key": "RequiresReference",
                  "Value": "true"
                }
              ]
            },
            {
              "FieldId": "receipt.genralreceipt.receipt1.item.unit-price",
              "FieldName": "unit-price",
              "IsMultiValue": false,
              "Type": "Text",
              "DeriveFieldsFormat": "",
              "Components": [],
              "SetValues": [],
              "Metadata": [
                {
                  "Key": "RequiresReference",
                  "Value": "true"
                }
              ]
            }
          ],
          "SetValues": [],
          "Metadata": [
            {
              "Key": "RequiresReference",
              "Value": "true"
            }
          ]
        }
      ]
    },
    {
      "DocumentTypeId": "invoice.generalinvoice.invoice1",
      "Group": "invoice",
      "Category": "generalinvoice",
      "Name": "invoice1",
      "OptionalUniqueIdentifier": null,
      "TypeField": {
        "FieldId": "invoice.generalinvoice.invoice1.DocumentType",
        "FieldName": "Document Type"
      },
      "Fields": [
        {
          "FieldId": "invoice.generalinvoice.invoice1.name",
          "FieldName": "name",
          "IsMultiValue": false,
          "Type": "Text",
          "DeriveFieldsFormat": "",
          "Components": [],
          "SetValues": [],
          "Metadata": [
            {
              "Key": "RequiresReference",
              "Value": "true"
            }
          ]
        },
        {
          "FieldId": "invoice.generalinvoice.invoice1.vendor-addr",
          "FieldName": "vendor-addr",
          "IsMultiValue": false,
          "Type": "Text",
          "DeriveFieldsFormat": "",
          "Components": [],
          "SetValues": [],
          "Metadata": [
            {
              "Key": "RequiresReference",
              "Value": "true"
            }
          ]
        },
        {
          "FieldId": "invoice.generalinvoice.invoice1.billing-name",
          "FieldName": "billing-name",
          "IsMultiValue": false,
          "Type": "Text",
          "DeriveFieldsFormat": "",
          "Components": [],
          "SetValues": [],
          "Metadata": [
            {
              "Key": "RequiresReference",
              "Value": "true"
            }
          ]
        },
        {
          "FieldId": "invoice.generalinvoice.invoice1.billing-addr",
          "FieldName": "billing-addr",
          "IsMultiValue": false,
          "Type": "Text",
          "DeriveFieldsFormat": "",
          "Components": [],
          "SetValues": [],
          "Metadata": [
            {
              "Key": "RequiresReference",
              "Value": "true"
            }
          ]
        },
        {
          "FieldId": "invoice.generalinvoice.invoice1.shipping-addr",
          "FieldName": "shipping-addr",
          "IsMultiValue": false,
          "Type": "Text",
          "DeriveFieldsFormat": "",
          "Components": [],
          "SetValues": [],
          "Metadata": [
            {
              "Key": "RequiresReference",
              "Value": "true"
            }
          ]
        },
        {
          "FieldId": "invoice.generalinvoice.invoice1.invoice-no",
          "FieldName": "invoice-no",
          "IsMultiValue": false,
          "Type": "Text",
          "DeriveFieldsFormat": "",
          "Components": [],
          "SetValues": [],
          "Metadata": [
            {
              "Key": "RequiresReference",
              "Value": "true"
            }
          ]
        },
        {
          "FieldId": "invoice.generalinvoice.invoice1.po-no",
          "FieldName": "po-no",
          "IsMultiValue": false,
          "Type": "Text",
          "DeriveFieldsFormat": "",
          "Components": [],
          "SetValues": [],
          "Metadata": [
            {
              "Key": "RequiresReference",
              "Value": "true"
            }
          ]
        },
        {
          "FieldId": "invoice.generalinvoice.invoice1.vendor-vat-no",
          "FieldName": "vendor-vat-no",
          "IsMultiValue": false,
          "Type": "Text",
          "DeriveFieldsFormat": "",
          "Components": [],
          "SetValues": [],
          "Metadata": [
            {
              "Key": "RequiresReference",
              "Value": "true"
            }
          ]
        },
        {
          "FieldId": "invoice.generalinvoice.invoice1.date",
          "FieldName": "date",
          "IsMultiValue": false,
          "Type": "Text",
          "DeriveFieldsFormat": "",
          "Components": [],
          "SetValues": [],
          "Metadata": [
            {
              "Key": "RequiresReference",
              "Value": "true"
            }
          ]
        },
        {
          "FieldId": "invoice.generalinvoice.invoice1.tax",
          "FieldName": "tax",
          "IsMultiValue": false,
          "Type": "Text",
          "DeriveFieldsFormat": "",
          "Components": [],
          "SetValues": [],
          "Metadata": [
            {
              "Key": "RequiresReference",
              "Value": "true"
            }
          ]
        },
        {
          "FieldId": "invoice.generalinvoice.invoice1.total",
          "FieldName": "total",
          "IsMultiValue": false,
          "Type": "Text",
          "DeriveFieldsFormat": "",
          "Components": [],
          "SetValues": [],
          "Metadata": [
            {
              "Key": "RequiresReference",
              "Value": "true"
            }
          ]
        },
        {
          "FieldId": "invoice.generalinvoice.invoice1.payment-terms",
          "FieldName": "payment-terms",
          "IsMultiValue": false,
          "Type": "Text",
          "DeriveFieldsFormat": "",
          "Components": [],
          "SetValues": [],
          "Metadata": [
            {
              "Key": "RequiresReference",
              "Value": "true"
            }
          ]
        },
        {
          "FieldId": "invoice.generalinvoice.invoice1.net-amount",
          "FieldName": "net-amount",
          "IsMultiValue": false,
          "Type": "Text",
          "DeriveFieldsFormat": "",
          "Components": [],
          "SetValues": [],
          "Metadata": [
            {
              "Key": "RequiresReference",
              "Value": "true"
            }
          ]
        },
        {
          "FieldId": "invoice.generalinvoice.invoice1.due-date",
          "FieldName": "due-date",
          "IsMultiValue": false,
          "Type": "Text",
          "DeriveFieldsFormat": "",
          "Components": [],
          "SetValues": [],
          "Metadata": [
            {
              "Key": "RequiresReference",
              "Value": "true"
            }
          ]
        },
        {
          "FieldId": "invoice.generalinvoice.invoice1.discount",
          "FieldName": "discount",
          "IsMultiValue": false,
          "Type": "Text",
          "DeriveFieldsFormat": "",
          "Components": [],
          "SetValues": [],
          "Metadata": [
            {
              "Key": "RequiresReference",
              "Value": "true"
            }
          ]
        },
        {
          "FieldId": "invoice.generalinvoice.invoice1.shipping-charges",
          "FieldName": "shipping-charges",
          "IsMultiValue": false,
          "Type": "Text",
          "DeriveFieldsFormat": "",
          "Components": [],
          "SetValues": [],
          "Metadata": [
            {
              "Key": "RequiresReference",
              "Value": "true"
            }
          ]
        },
        {
          "FieldId": "invoice.generalinvoice.invoice1.payment-addr",
          "FieldName": "payment-addr",
          "IsMultiValue": false,
          "Type": "Text",
          "DeriveFieldsFormat": "",
          "Components": [],
          "SetValues": [],
          "Metadata": [
            {
              "Key": "RequiresReference",
              "Value": "true"
            }
          ]
        },
        {
          "FieldId": "invoice.generalinvoice.invoice1.billing-vat-no",
          "FieldName": "billing-vat-no",
          "IsMultiValue": false,
          "Type": "Text",
          "DeriveFieldsFormat": "",
          "Components": [],
          "SetValues": [],
          "Metadata": [
            {
              "Key": "RequiresReference",
              "Value": "true"
            }
          ]
        },
        {
          "FieldId": "invoice.generalinvoice.invoice1.item",
          "FieldName": "item",
          "IsMultiValue": false,
          "Type": "Table",
          "DeriveFieldsFormat": "",
          "Components": [
            {
              "FieldId": "invoice.generalinvoice.invoice1.item.description",
              "FieldName": "description",
              "IsMultiValue": false,
              "Type": "Text",
              "DeriveFieldsFormat": "",
              "Components": [],
              "SetValues": [],
              "Metadata": [
                {
                  "Key": "RequiresReference",
                  "Value": "true"
                }
              ]
            },
            {
              "FieldId": "invoice.generalinvoice.invoice1.item.quantity",
              "FieldName": "quantity",
              "IsMultiValue": false,
              "Type": "Text",
              "DeriveFieldsFormat": "",
              "Components": [],
              "SetValues": [],
              "Metadata": [
                {
                  "Key": "RequiresReference",
                  "Value": "true"
                }
              ]
            },
            {
              "FieldId": "invoice.generalinvoice.invoice1.item.line-amount",
              "FieldName": "line-amount",
              "IsMultiValue": false,
              "Type": "Text",
              "DeriveFieldsFormat": "",
              "Components": [],
              "SetValues": [],
              "Metadata": [
                {
                  "Key": "RequiresReference",
                  "Value": "true"
                }
              ]
            }
          ],
          "SetValues": [],
          "Metadata": [
            {
              "Key": "RequiresReference",
              "Value": "true"
            }
          ]
        }
      ]
    }
  ],
  "Groups": [
    {
      "Name": "invoice",
      "Categories": [
        "generalinvoice"
      ]
    },
    {
      "Name": "receipt",
      "Categories": [
        "genralreceipt"
      ]
    }
  ],
  "SupportedLanguages": [
    {
      "Name": "Undetermined Language",
      "Code": "und"
    },
    {
      "Name": "Bulgarian",
      "Code": "bul"
    },
    {
      "Name": "Cantonese",
      "Code": "yue"
    },
    {
      "Name": "Danish",
      "Code": "dan"
    },
    {
      "Name": "Dutch",
      "Code": "nld"
    },
    {
      "Name": "English",
      "Code": "eng"
    },
    {
      "Name": "French",
      "Code": "fra"
    },
    {
      "Name": "Georgian",
      "Code": "kat"
    },
    {
      "Name": "German",
      "Code": "deu"
    },
    {
      "Name": "Greek",
      "Code": "ell"
    },
    {
      "Name": "Hebrew",
      "Code": "heb"
    },
    {
      "Name": "Hindi",
      "Code": "hin"
    },
    {
      "Name": "Italian",
      "Code": "ita"
    },
    {
      "Name": "Japanese",
      "Code": "jpn"
    },
    {
      "Name": "Korean",
      "Code": "kor"
    },
    {
      "Name": "Macedonian",
      "Code": "mkd"
    },
    {
      "Name": "Mandarin",
      "Code": "zho"
    },
    {
      "Name": "Marathi",
      "Code": "mar"
    },
    {
      "Name": "Norwegian",
      "Code": "nor"
    },
    {
      "Name": "Polish",
      "Code": "pol"
    },
    {
      "Name": "Portuguese",
      "Code": "por"
    },
    {
      "Name": "Romanian",
      "Code": "ron"
    },
    {
      "Name": "Russian",
      "Code": "rus"
    },
    {
      "Name": "Serbian",
      "Code": "srp"
    },
    {
      "Name": "Spanish",
      "Code": "spa"
    },
    {
      "Name": "Swedish",
      "Code": "swe"
    },
    {
      "Name": "Telugu",
      "Code": "tel"
    }
  ]
}