{"api_version":"1.0","fname":"송장 2008-05-14_2021-07-19-15-48-476.pdf","original_fname":"송장 2008-05-14.pdf","fields":{"name":"Ks Spring","vendor-addr":"","billing-name":"","billing-addr":"","invoice-no":"","date":"2008-05-14","tax":"","total":"6593.40","payment-terms":"","due-date":""},"items":[{"instance":1,"values":{"description":"","quantity":"","line-amount":""}}],"pages":[{"page_rotation":0,"page_no":0,"width":612.0,"height":792.0,"words":[{"description":"Ks","boundingPoly":{"vertices":[{"x":77.4,"y":72.24},{"x":90.64,"y":72.24},{"x":90.64,"y":93.67},{"x":77.4,"y":93.67}]},"line":0,"tag":"name"},{"description":"Spring","boundingPoly":{"vertices":[{"x":93.81,"y":72.24},{"x":130.5,"y":72.24},{"x":130.5,"y":93.67},{"x":93.81,"y":93.67}]},"line":0,"tag":"name"},{"description":"눈누난나","boundingPoly":{"vertices":[{"x":77.4,"y":96.69},{"x":125.4,"y":96.69},{"x":125.4,"y":110.84},{"x":77.4,"y":110.84}]},"line":1,"tag":""},{"description":"France,","boundingPoly":{"vertices":[{"x":77.4,"y":114.53},{"x":113.2,"y":114.53},{"x":113.2,"y":132.21},{"x":77.4,"y":132.21}]},"line":2,"tag":""},{"description":"paris","boundingPoly":{"vertices":[{"x":115.91,"y":114.53},{"x":139.58,"y":114.53},{"x":139.58,"y":132.21},{"x":115.91,"y":132.21}]},"line":2,"tag":""},{"description":"Paris","boundingPoly":{"vertices":[{"x":77.4,"y":134.52},{"x":100.98,"y":134.52},{"x":100.98,"y":152.21},{"x":77.4,"y":152.21}]},"line":3,"tag":""},{"description":"프랑스","boundingPoly":{"vertices":[{"x":77.4,"y":157.44},{"x":113.4,"y":157.44},{"x":113.4,"y":171.59},{"x":77.4,"y":171.59}]},"line":4,"tag":""},{"description":"청구","boundingPoly":{"vertices":[{"x":77.4,"y":236.0},{"x":101.4,"y":236.0},{"x":101.4,"y":250.15},{"x":77.4,"y":250.15}]},"line":5,"tag":""},{"description":"처:","boundingPoly":{"vertices":[{"x":104.11,"y":234.7},{"x":122.14,"y":234.7},{"x":122.14,"y":253.07},{"x":104.11,"y":253.07}]},"line":5,"tag":""},{"description":"정승네트워크","boundingPoly":{"vertices":[{"x":77.4,"y":256.75},{"x":149.4,"y":256.75},{"x":149.4,"y":270.89},{"x":77.4,"y":270.89}]},"line":6,"tag":""},{"description":"Korea,","boundingPoly":{"vertices":[{"x":77.4,"y":271.9},{"x":108.86,"y":271.9},{"x":108.86,"y":289.59},{"x":77.4,"y":289.59}]},"line":7,"tag":""},{"description":"Seoul","boundingPoly":{"vertices":[{"x":111.58,"y":271.9},{"x":138.43,"y":271.9},{"x":138.43,"y":289.59},{"x":111.58,"y":289.59}]},"line":7,"tag":""},{"description":"Seoul","boundingPoly":{"vertices":[{"x":77.4,"y":292.65},{"x":104.27,"y":292.65},{"x":104.27,"y":310.34},{"x":77.4,"y":310.34}]},"line":8,"tag":""},{"description":"대한민국","boundingPoly":{"vertices":[{"x":77.4,"y":318.24},{"x":125.4,"y":318.24},{"x":125.4,"y":332.39},{"x":77.4,"y":332.39}]},"line":9,"tag":""},{"description":"항목","boundingPoly":{"vertices":[{"x":77.65,"y":397.3},{"x":101.65,"y":397.3},{"x":101.65,"y":411.45},{"x":77.65,"y":411.45}]},"line":10,"tag":""},{"description":"설명","boundingPoly":{"vertices":[{"x":104.36,"y":397.3},{"x":128.36,"y":397.3},{"x":128.36,"y":411.45},{"x":104.36,"y":411.45}]},"line":10,"tag":""},{"description":"rpa63","boundingPoly":{"vertices":[{"x":77.65,"y":412.81},{"x":106.45,"y":412.81},{"x":106.45,"y":431.18},{"x":77.65,"y":431.18}]},"line":11,"tag":""},{"description":"노트","boundingPoly":{"vertices":[{"x":72.0,"y":566.69},{"x":95.5,"y":566.69},{"x":95.5,"y":580.84},{"x":72.0,"y":580.84}]},"line":15,"tag":""},{"description":"송장","boundingPoly":{"vertices":[{"x":311.0,"y":236.0},{"x":335.0,"y":236.0},{"x":335.0,"y":250.15},{"x":311.0,"y":250.15}]},"line":5,"tag":""},{"description":"번호","boundingPoly":{"vertices":[{"x":337.71,"y":236.0},{"x":361.71,"y":236.0},{"x":361.71,"y":250.15},{"x":337.71,"y":250.15}]},"line":5,"tag":""},{"description":"송장","boundingPoly":{"vertices":[{"x":311.0,"y":256.75},{"x":335.0,"y":256.75},{"x":335.0,"y":270.89},{"x":311.0,"y":270.89}]},"line":6,"tag":""},{"description":"날짜","boundingPoly":{"vertices":[{"x":337.71,"y":256.75},{"x":361.71,"y":256.75},{"x":361.71,"y":270.89},{"x":337.71,"y":270.89}]},"line":6,"tag":""},{"description":"마감일","boundingPoly":{"vertices":[{"x":311.0,"y":277.49},{"x":347.0,"y":277.49},{"x":347.0,"y":291.64},{"x":311.0,"y":291.64}]},"line":7,"tag":""},{"description":"수량","boundingPoly":{"vertices":[{"x":264.65,"y":397.3},{"x":288.65,"y":397.3},{"x":288.65,"y":411.45},{"x":264.65,"y":411.45}]},"line":10,"tag":""},{"description":"율","boundingPoly":{"vertices":[{"x":360.65,"y":397.3},{"x":372.65,"y":397.3},{"x":372.65,"y":411.45},{"x":360.65,"y":411.45}]},"line":10,"tag":""},{"description":"6","boundingPoly":{"vertices":[{"x":264.65,"y":412.95},{"x":270.73,"y":412.95},{"x":270.73,"y":430.64},{"x":264.65,"y":430.64}]},"line":11,"tag":""},{"description":"소계","boundingPoly":{"vertices":[{"x":264.65,"y":433.69},{"x":288.65,"y":433.69},{"x":288.65,"y":447.84},{"x":264.65,"y":447.84}]},"line":12,"tag":""},{"description":"판매","boundingPoly":{"vertices":[{"x":264.65,"y":464.19},{"x":288.65,"y":464.19},{"x":288.65,"y":478.34},{"x":264.65,"y":478.34}]},"line":13,"tag":""},{"description":"세","boundingPoly":{"vertices":[{"x":291.36,"y":464.19},{"x":303.36,"y":464.19},{"x":303.36,"y":478.34},{"x":291.36,"y":478.34}]},"line":13,"tag":""},{"description":"(10","boundingPoly":{"vertices":[{"x":306.07,"y":463.04},{"x":321.88,"y":463.04},{"x":321.88,"y":480.73},{"x":306.07,"y":480.73}]},"line":13,"tag":""},{"description":"%)","boundingPoly":{"vertices":[{"x":324.59,"y":463.04},{"x":336.81,"y":463.04},{"x":336.81,"y":480.73},{"x":324.59,"y":480.73}]},"line":13,"tag":""},{"description":"합계","boundingPoly":{"vertices":[{"x":264.65,"y":494.69},{"x":288.65,"y":494.69},{"x":288.65,"y":508.84},{"x":264.65,"y":508.84}]},"line":14,"tag":""},{"description":"999","boundingPoly":{"vertices":[{"x":360.65,"y":412.95},{"x":378.9,"y":412.95},{"x":378.9,"y":430.64},{"x":360.65,"y":430.64}]},"line":11,"tag":""},{"description":"당신과","boundingPoly":{"vertices":[{"x":72.0,"y":593.44},{"x":108.0,"y":593.44},{"x":108.0,"y":607.59},{"x":72.0,"y":607.59}]},"line":16,"tag":""},{"description":"사업을하게되어","boundingPoly":{"vertices":[{"x":110.71,"y":593.44},{"x":194.71,"y":593.44},{"x":194.71,"y":607.59},{"x":110.71,"y":607.59}]},"line":16,"tag":""},{"description":"정말","boundingPoly":{"vertices":[{"x":197.42,"y":593.44},{"x":221.42,"y":593.44},{"x":221.42,"y":607.59},{"x":197.42,"y":607.59}]},"line":16,"tag":""},{"description":"좋았습니다.","boundingPoly":{"vertices":[{"x":224.14,"y":592.29},{"x":287.16,"y":592.29},{"x":287.16,"y":609.98},{"x":224.14,"y":609.98}]},"line":16,"tag":""},{"description":"이용","boundingPoly":{"vertices":[{"x":72.0,"y":657.83},{"x":95.5,"y":657.83},{"x":95.5,"y":671.98},{"x":72.0,"y":671.98}]},"line":17,"tag":""},{"description":"약관","boundingPoly":{"vertices":[{"x":97.21,"y":657.83},{"x":120.71,"y":657.83},{"x":120.71,"y":671.98},{"x":97.21,"y":671.98}]},"line":17,"tag":""},{"description":"기한까지","boundingPoly":{"vertices":[{"x":72.0,"y":684.58},{"x":120.0,"y":684.58},{"x":120.0,"y":698.73},{"x":72.0,"y":698.73}]},"line":18,"tag":""},{"description":"결제","boundingPoly":{"vertices":[{"x":122.71,"y":684.58},{"x":146.71,"y":684.58},{"x":146.71,"y":698.73},{"x":122.71,"y":698.73}]},"line":18,"tag":""},{"description":"해주시기","boundingPoly":{"vertices":[{"x":149.42,"y":684.58},{"x":197.42,"y":684.58},{"x":197.42,"y":698.73},{"x":149.42,"y":698.73}]},"line":18,"tag":""},{"description":"바랍니다.","boundingPoly":{"vertices":[{"x":200.14,"y":683.43},{"x":251.16,"y":683.43},{"x":251.16,"y":701.11},{"x":200.14,"y":701.11}]},"line":18,"tag":""},{"description":"송장","boundingPoly":{"vertices":[{"x":397.0,"y":90.07},{"x":449.0,"y":90.07},{"x":449.0,"y":120.72},{"x":397.0,"y":120.72}]},"line":1,"tag":""},{"description":"INV-11","boundingPoly":{"vertices":[{"x":394.7,"y":230.4},{"x":428.12,"y":230.4},{"x":428.12,"y":248.09},{"x":394.7,"y":248.09}]},"line":5,"tag":""},{"description":"2008-05-14","boundingPoly":{"vertices":[{"x":394.7,"y":251.15},{"x":450.7,"y":251.15},{"x":450.7,"y":268.84},{"x":394.7,"y":268.84}]},"line":6,"tag":"date"},{"description":"2003-06-08","boundingPoly":{"vertices":[{"x":394.7,"y":271.9},{"x":450.7,"y":271.9},{"x":450.7,"y":289.59},{"x":394.7,"y":289.59}]},"line":7,"tag":""},{"description":"양","boundingPoly":{"vertices":[{"x":454.15,"y":397.3},{"x":466.15,"y":397.3},{"x":466.15,"y":411.45},{"x":454.15,"y":411.45}]},"line":10,"tag":""},{"description":"5994.00","boundingPoly":{"vertices":[{"x":454.15,"y":412.95},{"x":493.68,"y":412.95},{"x":493.68,"y":430.64},{"x":454.15,"y":430.64}]},"line":11,"tag":""},{"description":"5994.00","boundingPoly":{"vertices":[{"x":494.83,"y":428.1},{"x":534.36,"y":428.1},{"x":534.36,"y":445.79},{"x":494.83,"y":445.79}]},"line":12,"tag":""},{"description":"599.40","boundingPoly":{"vertices":[{"x":500.91,"y":458.6},{"x":534.35,"y":458.6},{"x":534.35,"y":476.29},{"x":500.91,"y":476.29}]},"line":13,"tag":""},{"description":"KRW6593.40","boundingPoly":{"vertices":[{"x":471.4,"y":489.1},{"x":534.35,"y":489.1},{"x":534.35,"y":506.79},{"x":471.4,"y":506.79}]},"line":14,"tag":"total"}]}]}