{"api_version":"1.0","fname":"receipt-food-restaurant-1620025730.png","original_fname":"receipt-food-restaurant-1620025730.png","fields":{"total":"7342.65","vendor-addr":"USA, Alabama Alabama","phone":"368-6604","date":"2001-07-22","name":"Ks Ratings","tax":"349.65","receipt-number":"212254603"},"items":[{"instance":1,"values":{"description":"rpa27","quantity":"7","unit-price":"","line-amount":"6993.00"}}],"pages":[{"page_rotation":0,"page_no":0,"width":368.0,"height":774.0,"words":[{"description":"Ks","boundingPoly":{"vertices":[{"x":154.0,"y":33.0},{"x":180.0,"y":33.0},{"x":180.0,"y":52.0},{"x":154.0,"y":52.0}]},"line":0,"tag":"name"},{"description":"Ratings","boundingPoly":{"vertices":[{"x":181.0,"y":36.0},{"x":229.0,"y":36.0},{"x":229.0,"y":50.0},{"x":181.0,"y":50.0}]},"line":0,"tag":"name"},{"description":"USA,","boundingPoly":{"vertices":[{"x":152.0,"y":54.0},{"x":177.0,"y":54.0},{"x":177.0,"y":67.0},{"x":152.0,"y":67.0}]},"line":1,"tag":"vendor-addr"},{"description":"Alabama","boundingPoly":{"vertices":[{"x":188.0,"y":54.0},{"x":237.0,"y":54.0},{"x":237.0,"y":65.0},{"x":188.0,"y":65.0}]},"line":1,"tag":"vendor-addr"},{"description":"Alabama","boundingPoly":{"vertices":[{"x":170.0,"y":67.0},{"x":219.0,"y":67.0},{"x":219.0,"y":81.0},{"x":170.0,"y":81.0}]},"line":2,"tag":"vendor-addr"},{"description":"368-6604","boundingPoly":{"vertices":[{"x":167.0,"y":89.0},{"x":222.0,"y":89.0},{"x":222.0,"y":100.0},{"x":167.0,"y":100.0}]},"line":3,"tag":"phone"},{"description":"2","boundingPoly":{"vertices":[{"x":48.0,"y":136.0},{"x":54.0,"y":136.0},{"x":54.0,"y":147.0},{"x":48.0,"y":147.0}]},"line":4,"tag":""},{"description":"7/22/2001","boundingPoly":{"vertices":[{"x":279.0,"y":135.0},{"x":339.0,"y":135.0},{"x":339.0,"y":149.0},{"x":279.0,"y":149.0}]},"line":4,"tag":"date"},{"description":"Ks","boundingPoly":{"vertices":[{"x":42.0,"y":151.0},{"x":69.0,"y":151.0},{"x":69.0,"y":170.0},{"x":42.0,"y":170.0}]},"line":5,"tag":""},{"description":"Ratings","boundingPoly":{"vertices":[{"x":70.0,"y":155.0},{"x":118.0,"y":155.0},{"x":118.0,"y":168.0},{"x":70.0,"y":168.0}]},"line":5,"tag":""},{"description":"8:28","boundingPoly":{"vertices":[{"x":293.0,"y":154.0},{"x":320.0,"y":154.0},{"x":320.0,"y":166.0},{"x":293.0,"y":166.0}]},"line":5,"tag":""},{"description":"PM","boundingPoly":{"vertices":[{"x":329.0,"y":154.0},{"x":342.0,"y":154.0},{"x":342.0,"y":166.0},{"x":329.0,"y":166.0}]},"line":5,"tag":""},{"description":"7","boundingPoly":{"vertices":[{"x":49.0,"y":201.0},{"x":53.0,"y":201.0},{"x":53.0,"y":212.0},{"x":49.0,"y":212.0}]},"line":6,"tag":"quantity","instance":1},{"description":"rpa27","boundingPoly":{"vertices":[{"x":81.0,"y":201.0},{"x":115.0,"y":201.0},{"x":115.0,"y":214.0},{"x":81.0,"y":214.0}]},"line":6,"tag":"description","instance":1},{"description":"$6993.00","boundingPoly":{"vertices":[{"x":286.0,"y":198.0},{"x":345.0,"y":198.0},{"x":345.0,"y":215.0},{"x":286.0,"y":215.0}]},"line":6,"tag":"line-amount","instance":1},{"description":"VISA","boundingPoly":{"vertices":[{"x":48.0,"y":246.0},{"x":76.0,"y":247.0},{"x":76.0,"y":259.0},{"x":48.0,"y":258.0}]},"line":7,"tag":""},{"description":"Sale","boundingPoly":{"vertices":[{"x":315.0,"y":247.0},{"x":341.0,"y":247.0},{"x":341.0,"y":258.0},{"x":315.0,"y":258.0}]},"line":7,"tag":""},{"description":"Subtotal","boundingPoly":{"vertices":[{"x":48.0,"y":292.0},{"x":102.0,"y":292.0},{"x":102.0,"y":303.0},{"x":48.0,"y":303.0}]},"line":8,"tag":""},{"description":"$6993.00","boundingPoly":{"vertices":[{"x":288.0,"y":290.0},{"x":344.0,"y":290.0},{"x":344.0,"y":306.0},{"x":288.0,"y":306.0}]},"line":8,"tag":""},{"description":"Tax","boundingPoly":{"vertices":[{"x":48.0,"y":311.0},{"x":68.0,"y":310.0},{"x":69.0,"y":323.0},{"x":49.0,"y":324.0}]},"line":9,"tag":""},{"description":"$349.65","boundingPoly":{"vertices":[{"x":295.0,"y":308.05},{"x":340.0,"y":307.0},{"x":340.0,"y":325.21},{"x":295.0,"y":326.26}]},"line":9,"tag":"tax"},{"description":"Total:","boundingPoly":{"vertices":[{"x":48.0,"y":327.0},{"x":88.0,"y":328.0},{"x":88.0,"y":341.0},{"x":48.0,"y":340.0}]},"line":10,"tag":""},{"description":"$7342.65","boundingPoly":{"vertices":[{"x":287.0,"y":326.0},{"x":342.0,"y":326.0},{"x":342.0,"y":343.0},{"x":287.0,"y":343.0}]},"line":10,"tag":"total"},{"description":"Transaction","boundingPoly":{"vertices":[{"x":48.0,"y":348.0},{"x":126.0,"y":348.0},{"x":126.0,"y":359.0},{"x":48.0,"y":359.0}]},"line":11,"tag":""},{"description":"Type:","boundingPoly":{"vertices":[{"x":135.0,"y":348.0},{"x":167.0,"y":348.0},{"x":167.0,"y":361.0},{"x":135.0,"y":361.0}]},"line":11,"tag":""},{"description":"Sale","boundingPoly":{"vertices":[{"x":315.0,"y":347.0},{"x":342.0,"y":347.0},{"x":342.0,"y":359.0},{"x":315.0,"y":359.0}]},"line":11,"tag":""},{"description":"Authorization:","boundingPoly":{"vertices":[{"x":48.0,"y":366.0},{"x":145.0,"y":366.0},{"x":145.0,"y":377.0},{"x":48.0,"y":377.0}]},"line":12,"tag":""},{"description":"Approved","boundingPoly":{"vertices":[{"x":286.0,"y":366.0},{"x":341.0,"y":366.0},{"x":341.0,"y":379.0},{"x":286.0,"y":379.0}]},"line":12,"tag":""},{"description":"Payment","boundingPoly":{"vertices":[{"x":48.0,"y":385.0},{"x":97.0,"y":385.0},{"x":97.0,"y":398.0},{"x":48.0,"y":398.0}]},"line":13,"tag":""},{"description":"Code:","boundingPoly":{"vertices":[{"x":106.0,"y":385.0},{"x":138.0,"y":385.0},{"x":138.0,"y":396.0},{"x":106.0,"y":396.0}]},"line":13,"tag":""},{"description":"7984045","boundingPoly":{"vertices":[{"x":293.0,"y":385.0},{"x":342.0,"y":385.0},{"x":342.0,"y":396.0},{"x":293.0,"y":396.0}]},"line":13,"tag":""},{"description":"Payment","boundingPoly":{"vertices":[{"x":48.0,"y":403.0},{"x":97.0,"y":403.0},{"x":97.0,"y":416.0},{"x":48.0,"y":416.0}]},"line":14,"tag":""},{"description":"ID:","boundingPoly":{"vertices":[{"x":107.0,"y":403.0},{"x":123.0,"y":403.0},{"x":123.0,"y":414.0},{"x":107.0,"y":414.0}]},"line":14,"tag":""},{"description":"212254603","boundingPoly":{"vertices":[{"x":279.0,"y":402.0},{"x":342.0,"y":401.0},{"x":342.0,"y":414.0},{"x":279.0,"y":415.0}]},"line":14,"tag":"receipt-number"},{"description":"Card","boundingPoly":{"vertices":[{"x":48.0,"y":421.0},{"x":75.0,"y":421.0},{"x":75.0,"y":433.0},{"x":48.0,"y":433.0}]},"line":15,"tag":""},{"description":"Reader:","boundingPoly":{"vertices":[{"x":85.0,"y":421.0},{"x":130.0,"y":421.0},{"x":130.0,"y":434.0},{"x":85.0,"y":434.0}]},"line":15,"tag":""},{"description":"Swiped/Chip","boundingPoly":{"vertices":[{"x":264.0,"y":422.0},{"x":341.0,"y":422.0},{"x":341.0,"y":435.0},{"x":264.0,"y":435.0}]},"line":15,"tag":""},{"description":"+","boundingPoly":{"vertices":[{"x":170.0,"y":466.0},{"x":180.0,"y":466.0},{"x":180.0,"y":482.0},{"x":170.0,"y":482.0}]},"line":16,"tag":""},{"description":"Tip:","boundingPoly":{"vertices":[{"x":181.0,"y":468.0},{"x":205.0,"y":468.0},{"x":205.0,"y":481.0},{"x":181.0,"y":481.0}]},"line":16,"tag":""},{"description":"=Total:","boundingPoly":{"vertices":[{"x":174.0,"y":492.0},{"x":220.0,"y":492.0},{"x":220.0,"y":503.0},{"x":174.0,"y":503.0}]},"line":17,"tag":""},{"description":"Customer","boundingPoly":{"vertices":[{"x":149.0,"y":638.0},{"x":203.0,"y":639.0},{"x":203.0,"y":652.0},{"x":149.0,"y":651.0}]},"line":18,"tag":""},{"description":"Copy","boundingPoly":{"vertices":[{"x":214.0,"y":638.0},{"x":241.0,"y":639.0},{"x":241.0,"y":653.0},{"x":214.0,"y":652.0}]},"line":18,"tag":""},{"description":"Thanks","boundingPoly":{"vertices":[{"x":127.0,"y":661.0},{"x":168.0,"y":662.0},{"x":168.0,"y":675.0},{"x":127.0,"y":674.0}]},"line":19,"tag":""},{"description":"for","boundingPoly":{"vertices":[{"x":178.0,"y":661.0},{"x":197.0,"y":661.0},{"x":197.0,"y":673.0},{"x":178.0,"y":673.0}]},"line":19,"tag":""},{"description":"visiting","boundingPoly":{"vertices":[{"x":206.0,"y":662.0},{"x":262.0,"y":663.0},{"x":262.0,"y":675.0},{"x":206.0,"y":674.0}]},"line":19,"tag":""},{"description":"Ks","boundingPoly":{"vertices":[{"x":160.0,"y":681.0},{"x":172.0,"y":681.0},{"x":172.0,"y":692.0},{"x":160.0,"y":692.0}]},"line":20,"tag":""},{"description":"Ratings","boundingPoly":{"vertices":[{"x":181.0,"y":680.0},{"x":230.0,"y":681.0},{"x":230.0,"y":695.0},{"x":181.0,"y":694.0}]},"line":20,"tag":""}]}]}