{"api_version":"1.0","fname":"receipt-food-restaurant-1620025730_2021-07-19-13-28-457.png","original_fname":"receipt-food-restaurant-1620025730.png","fields":{"total":"7342.65","vendor-addr":"USA, Alabama Alabama","phone":"368-6604","date":"2001-07-22","name":"Ks Ratings","tax":"349.65","receipt-number":"7984045"},"items":[{"instance":1,"values":{"description":"rpa27","quantity":"7","unit-price":"","line-amount":"6993.00"}}],"pages":[{"page_rotation":0,"page_no":0,"width":368.0,"height":774.0,"words":[{"description":"Ks","boundingPoly":{"vertices":[{"x":156.0,"y":34.0},{"x":175.0,"y":34.0},{"x":175.0,"y":51.0},{"x":156.0,"y":51.0}]},"line":0,"tag":"name"},{"description":"Ratings","boundingPoly":{"vertices":[{"x":178.0,"y":34.0},{"x":233.0,"y":34.0},{"x":233.0,"y":52.0},{"x":178.0,"y":52.0}]},"line":0,"tag":"name"},{"description":"USA,","boundingPoly":{"vertices":[{"x":150.0,"y":52.0},{"x":180.0,"y":52.0},{"x":180.0,"y":69.0},{"x":150.0,"y":69.0}]},"line":1,"tag":"vendor-addr"},{"description":"Alabama","boundingPoly":{"vertices":[{"x":185.0,"y":51.0},{"x":240.0,"y":51.0},{"x":240.0,"y":68.0},{"x":185.0,"y":68.0}]},"line":1,"tag":"vendor-addr"},{"description":"Alabama","boundingPoly":{"vertices":[{"x":167.0,"y":68.0},{"x":222.0,"y":68.0},{"x":222.0,"y":85.0},{"x":167.0,"y":85.0}]},"line":2,"tag":"vendor-addr"},{"description":"368-6604","boundingPoly":{"vertices":[{"x":164.0,"y":86.0},{"x":225.0,"y":86.0},{"x":225.0,"y":103.0},{"x":164.0,"y":103.0}]},"line":3,"tag":"phone"},{"description":"2","boundingPoly":{"vertices":[{"x":45.0,"y":133.0},{"x":57.0,"y":133.0},{"x":57.0,"y":150.0},{"x":45.0,"y":150.0}]},"line":4,"tag":""},{"description":"7/22/2001","boundingPoly":{"vertices":[{"x":276.0,"y":133.0},{"x":343.0,"y":133.0},{"x":343.0,"y":152.0},{"x":276.0,"y":152.0}]},"line":4,"tag":"date"},{"description":"Ks","boundingPoly":{"vertices":[{"x":46.0,"y":153.0},{"x":64.0,"y":153.0},{"x":64.0,"y":169.0},{"x":46.0,"y":169.0}]},"line":5,"tag":""},{"description":"Ratings","boundingPoly":{"vertices":[{"x":68.0,"y":152.0},{"x":122.0,"y":152.0},{"x":122.0,"y":171.0},{"x":68.0,"y":171.0}]},"line":5,"tag":""},{"description":"8:28","boundingPoly":{"vertices":[{"x":290.0,"y":152.0},{"x":323.0,"y":152.0},{"x":323.0,"y":169.0},{"x":290.0,"y":169.0}]},"line":5,"tag":""},{"description":"PM","boundingPoly":{"vertices":[{"x":327.0,"y":152.0},{"x":344.0,"y":152.0},{"x":344.0,"y":169.0},{"x":327.0,"y":169.0}]},"line":5,"tag":""},{"description":"7","boundingPoly":{"vertices":[{"x":45.0,"y":198.0},{"x":57.0,"y":198.0},{"x":57.0,"y":215.0},{"x":45.0,"y":215.0}]},"line":6,"tag":"quantity","instance":1},{"description":"rpa27","boundingPoly":{"vertices":[{"x":79.0,"y":198.0},{"x":118.0,"y":198.0},{"x":118.0,"y":217.0},{"x":79.0,"y":217.0}]},"line":6,"tag":"description","instance":1},{"description":"$6993.00","boundingPoly":{"vertices":[{"x":276.0,"y":198.0},{"x":345.0,"y":198.0},{"x":345.0,"y":216.0},{"x":276.0,"y":216.0}]},"line":6,"tag":"line-amount","instance":1},{"description":"VISA","boundingPoly":{"vertices":[{"x":45.0,"y":244.0},{"x":79.0,"y":244.0},{"x":79.0,"y":261.0},{"x":45.0,"y":261.0}]},"line":7,"tag":""},{"description":"Sale","boundingPoly":{"vertices":[{"x":312.0,"y":244.0},{"x":344.0,"y":244.0},{"x":344.0,"y":261.0},{"x":312.0,"y":261.0}]},"line":7,"tag":""},{"description":"Subtotal","boundingPoly":{"vertices":[{"x":46.0,"y":288.0},{"x":106.0,"y":288.0},{"x":106.0,"y":307.0},{"x":46.0,"y":307.0}]},"line":8,"tag":""},{"description":"$6993.00","boundingPoly":{"vertices":[{"x":276.0,"y":290.0},{"x":344.0,"y":290.0},{"x":344.0,"y":307.0},{"x":276.0,"y":307.0}]},"line":8,"tag":""},{"description":"Tax","boundingPoly":{"vertices":[{"x":46.0,"y":308.0},{"x":71.0,"y":308.0},{"x":71.0,"y":325.0},{"x":46.0,"y":325.0}]},"line":9,"tag":""},{"description":"$349.65","boundingPoly":{"vertices":[{"x":283.0,"y":308.0},{"x":344.0,"y":308.0},{"x":344.0,"y":327.0},{"x":283.0,"y":327.0}]},"line":9,"tag":"tax"},{"description":"Total:","boundingPoly":{"vertices":[{"x":45.0,"y":326.0},{"x":91.0,"y":326.0},{"x":91.0,"y":343.0},{"x":45.0,"y":343.0}]},"line":10,"tag":""},{"description":"$7342.65","boundingPoly":{"vertices":[{"x":276.0,"y":326.0},{"x":344.0,"y":326.0},{"x":344.0,"y":344.0},{"x":276.0,"y":344.0}]},"line":10,"tag":"total"},{"description":"Transaction","boundingPoly":{"vertices":[{"x":46.0,"y":345.0},{"x":129.0,"y":345.0},{"x":129.0,"y":363.0},{"x":46.0,"y":363.0}]},"line":11,"tag":""},{"description":"Type:","boundingPoly":{"vertices":[{"x":132.0,"y":345.0},{"x":170.0,"y":345.0},{"x":170.0,"y":364.0},{"x":132.0,"y":364.0}]},"line":11,"tag":""},{"description":"Sale","boundingPoly":{"vertices":[{"x":312.0,"y":345.0},{"x":344.0,"y":345.0},{"x":344.0,"y":362.0},{"x":312.0,"y":362.0}]},"line":11,"tag":""},{"description":"Authorization:","boundingPoly":{"vertices":[{"x":47.0,"y":363.0},{"x":147.0,"y":363.0},{"x":147.0,"y":381.0},{"x":47.0,"y":381.0}]},"line":12,"tag":""},{"description":"Approved","boundingPoly":{"vertices":[{"x":284.0,"y":363.0},{"x":344.0,"y":363.0},{"x":344.0,"y":382.0},{"x":284.0,"y":382.0}]},"line":12,"tag":""},{"description":"Payment","boundingPoly":{"vertices":[{"x":45.0,"y":382.0},{"x":100.0,"y":382.0},{"x":100.0,"y":401.0},{"x":45.0,"y":401.0}]},"line":13,"tag":""},{"description":"Code:","boundingPoly":{"vertices":[{"x":103.0,"y":382.0},{"x":142.0,"y":382.0},{"x":142.0,"y":399.0},{"x":103.0,"y":399.0}]},"line":13,"tag":""},{"description":"7984045","boundingPoly":{"vertices":[{"x":290.0,"y":382.0},{"x":344.0,"y":382.0},{"x":344.0,"y":399.0},{"x":290.0,"y":399.0}]},"line":13,"tag":"receipt-number"},{"description":"Payment","boundingPoly":{"vertices":[{"x":45.0,"y":400.0},{"x":100.0,"y":400.0},{"x":100.0,"y":419.0},{"x":45.0,"y":419.0}]},"line":14,"tag":""},{"description":"ID:","boundingPoly":{"vertices":[{"x":103.0,"y":400.0},{"x":127.0,"y":400.0},{"x":127.0,"y":417.0},{"x":103.0,"y":417.0}]},"line":14,"tag":""},{"description":"212254603","boundingPoly":{"vertices":[{"x":276.0,"y":401.0},{"x":344.0,"y":401.0},{"x":344.0,"y":416.0},{"x":276.0,"y":416.0}]},"line":14,"tag":""},{"description":"Card","boundingPoly":{"vertices":[{"x":46.0,"y":419.0},{"x":79.0,"y":419.0},{"x":79.0,"y":436.0},{"x":46.0,"y":436.0}]},"line":15,"tag":""},{"description":"Reader:","boundingPoly":{"vertices":[{"x":81.0,"y":419.0},{"x":132.0,"y":419.0},{"x":132.0,"y":436.0},{"x":81.0,"y":436.0}]},"line":15,"tag":""},{"description":"Swiped/Chip","boundingPoly":{"vertices":[{"x":261.0,"y":419.0},{"x":343.0,"y":419.0},{"x":343.0,"y":438.0},{"x":261.0,"y":438.0}]},"line":15,"tag":""},{"description":"+","boundingPoly":{"vertices":[{"x":164.0,"y":468.0},{"x":175.0,"y":468.0},{"x":175.0,"y":481.0},{"x":164.0,"y":481.0}]},"line":16,"tag":""},{"description":"Tip:","boundingPoly":{"vertices":[{"x":178.0,"y":465.0},{"x":209.0,"y":465.0},{"x":209.0,"y":484.0},{"x":178.0,"y":484.0}]},"line":16,"tag":""},{"description":"=Total:","boundingPoly":{"vertices":[{"x":171.0,"y":489.0},{"x":222.0,"y":489.0},{"x":222.0,"y":506.0},{"x":171.0,"y":506.0}]},"line":17,"tag":""},{"description":"X","boundingPoly":{"vertices":[{"x":45.0,"y":562.0},{"x":57.0,"y":562.0},{"x":57.0,"y":579.0},{"x":45.0,"y":579.0}]},"line":18,"tag":""},{"description":"Customer","boundingPoly":{"vertices":[{"x":146.0,"y":636.0},{"x":207.0,"y":636.0},{"x":207.0,"y":654.0},{"x":146.0,"y":654.0}]},"line":19,"tag":""},{"description":"Copy","boundingPoly":{"vertices":[{"x":211.0,"y":637.0},{"x":244.0,"y":637.0},{"x":244.0,"y":655.0},{"x":211.0,"y":655.0}]},"line":19,"tag":""},{"description":"Thanks","boundingPoly":{"vertices":[{"x":124.0,"y":659.0},{"x":172.0,"y":659.0},{"x":172.0,"y":676.0},{"x":124.0,"y":676.0}]},"line":20,"tag":""},{"description":"for","boundingPoly":{"vertices":[{"x":175.0,"y":659.0},{"x":200.0,"y":659.0},{"x":200.0,"y":676.0},{"x":175.0,"y":676.0}]},"line":20,"tag":""},{"description":"visiting","boundingPoly":{"vertices":[{"x":203.0,"y":658.0},{"x":265.0,"y":658.0},{"x":265.0,"y":678.0},{"x":203.0,"y":678.0}]},"line":20,"tag":""},{"description":"Ks","boundingPoly":{"vertices":[{"x":157.0,"y":678.0},{"x":176.0,"y":678.0},{"x":176.0,"y":695.0},{"x":157.0,"y":695.0}]},"line":21,"tag":""},{"description":"Ratings","boundingPoly":{"vertices":[{"x":178.0,"y":678.0},{"x":233.0,"y":678.0},{"x":233.0,"y":697.0},{"x":178.0,"y":697.0}]},"line":21,"tag":""}]}]}